CREATE DATABASE
BANCO5
 GO
 
USE
BANCO5
 GO
 
CREATE TABLE CLIENTE
 (IDCLIENTE VARCHAR(5)PRIMARY KEY,
  APELLIDO VARCHAR(30),
   NOMBRE VARCHAR(30),
   CIUDAD VARCHAR (30),
   FECHA_NAC smalldatetime)
GO
 
CREATE TABLE CUENTA
(IDCLIENTE VARCHAR(5),
 IDCUENTA VARCHAR(5) PRIMARY KEY,
 IDSUCURSAL VARCHAR(2),
 SALDO FLOAT,
 NOMBRE_SUC VARCHAR(20))
GO
 
CREATE TABLE PRESTAMO
(IDPRESTAMO VARCHAR(5) PRIMARY KEY,
 IDSUCURSAL VARCHAR(2),
 IDCLIENTE VARCHAR(5),
 NOMBRE VARCHAR(30),
 MONTO FLOAT,
 FECHA DATETIME)
GO

CREATE TABLE SUCURSAL
(IDSUCURSAL VARCHAR(2) PRIMARY KEY,
NOMBRE_SUCURSAL VARCHAR (30),
CIUDAD VARCHAR(30))
GO
 
ALTER TABLE
CUENTA ADD FOREIGN KEY(IDCLIENTE)
REFERENCES
CLIENTE
GO
 
ALTER TABLE
PRESTAMO ADD FOREIGN KEY(IDSUCURSAL)
REFERENCES
SUCURSAL
GO

ALTER TABLE
PRESTAMO ADD FOREIGN KEY(IDCLIENTE)
REFERENCES
CLIENTE
GO

 
ALTER TABLE
CUENTA ADD FOREIGN KEY(IDSUCURSAL)
REFERENCES
SUCURSAL
GO

SELECT*FROM SUCURSAL
SELECT*FROM CLIENTE
SELECT*FROM PRESTAMO
SELECT*FROM CUENTA  


INSERT INTO SUCURSAL (IDSUCURSAL,NOMBRE_SUCURSAL,CIUDAD) VALUES ('02','PANAMA PACIFICO','PANAMA')
INSERT INTO SUCURSAL (IDSUCURSAL,NOMBRE_SUCURSAL,CIUDAD) VALUES ('05','ALBROOK','PANAMA')
INSERT INTO SUCURSAL (IDSUCURSAL,NOMBRE_SUCURSAL,CIUDAD) VALUES ('06','COSTA VERDE','PANAMA')
INSERT INTO SUCURSAL (IDSUCURSAL,NOMBRE_SUCURSAL,CIUDAD) VALUES ('04','CENTENIAL','PANAMA')
INSERT INTO SUCURSAL (IDSUCURSAL,NOMBRE_SUCURSAL,CIUDAD) VALUES ('03','WESTLAND  MALL','PANAMA')

/*-----TABLA CLIENTE-----*/

SELECT*FROM CLIENTE
INSERT INTO CLIENTE(IDCLIENTE,APELLIDO,NOMBRE,CIUDAD,FECHA_NAC) VALUES ('00001','Sánchez','José','Panamá','1979-12-29')
INSERT INTO CLIENTE(IDCLIENTE,APELLIDO,NOMBRE,CIUDAD,FECHA_NAC) VALUES ('00002','Suárez','Carmen','Panamá','1982-07-09')
INSERT INTO CLIENTE(IDCLIENTE,APELLIDO,NOMBRE,CIUDAD,FECHA_NAC) VALUES ('00003','Sánchez','Jorge','Chitré','1975-11-24')
INSERT INTO CLIENTE(IDCLIENTE,APELLIDO,NOMBRE,CIUDAD,FECHA_NAC) VALUES ('00004','Zeta','Patricia','Penonomé','1964-02-14')
INSERT INTO CLIENTE(IDCLIENTE,APELLIDO,NOMBRE,CIUDAD,FECHA_NAC) VALUES ('00005','Rodriguez','Jorge','Chitré','1984-09-13')
INSERT INTO CLIENTE(IDCLIENTE,APELLIDO,NOMBRE,CIUDAD,FECHA_NAC) VALUES ('00007','Perez','Manuela','Panamá','1989-07-07')


/*TABLA PRESTAMO*/
SELECT*FROM PRESTAMO
INSERT INTO PRESTAMO (IDPRESTAMO,IDSUCURSAL,IDCLIENTE,MONTO,FECHA,NOMBRE) VALUES ('P01','02','00001',39050.8547,'2012-05-12','José')
INSERT INTO PRESTAMO (IDPRESTAMO,IDSUCURSAL,IDCLIENTE,MONTO,FECHA,NOMBRE) VALUES ('P02','05','00002',59475.9722,'2010-09-27','Carmen')
INSERT INTO PRESTAMO (IDPRESTAMO,IDSUCURSAL,IDCLIENTE,MONTO,FECHA,NOMBRE) VALUES ('P03','06','00003',10000,'2009-11-17','Jorge')
INSERT INTO PRESTAMO (IDPRESTAMO,IDSUCURSAL,IDCLIENTE,MONTO,FECHA,NOMBRE) VALUES ('P04','04','00007',7895.6577,'2005-10-03','Manuela')
INSERT INTO PRESTAMO (IDPRESTAMO,IDSUCURSAL,IDCLIENTE,MONTO,FECHA,NOMBRE) VALUES ('P05','03','00004',47856.96,'2007-07-30','Patricia')
INSERT INTO PRESTAMO (IDPRESTAMO,IDSUCURSAL,IDCLIENTE,MONTO,FECHA,NOMBRE) VALUES ('P06','02','00003',8945,'2012-05-24','Jorge')

/*TABLA CUENTA*/

SELECT*FROM CUENTA 
INSERT INTO CUENTA (IDCLIENTE,IDCUENTA,IDSUCURSAL,SALDO,NOMBRE_SUC) VALUES ('00003','14893','06',24507,'COSTA VERDE')
INSERT INTO CUENTA (IDCLIENTE,IDCUENTA,IDSUCURSAL,SALDO,NOMBRE_SUC) VALUES ('00004','20512','04',248.783,'CENTENIAL')
INSERT INTO CUENTA (IDCLIENTE,IDCUENTA,IDSUCURSAL,SALDO,NOMBRE_SUC) VALUES ('00002','24527','05',524.55,'ALBROOK')
INSERT INTO CUENTA (IDCLIENTE,IDCUENTA,IDSUCURSAL,SALDO,NOMBRE_SUC) VALUES ('00005','30913','03',10942,'WESTLAND MALL')
INSERT INTO CUENTA (IDCLIENTE,IDCUENTA,IDSUCURSAL,SALDO,NOMBRE_SUC) VALUES ('00001','45923','02',10958,'PANAMA PACIFICO')
